"id","epitope"
"chan_GILGFVFTL_17","GILGFVFTL"
"decoy_GILGFVFTL_10","GILGFVFTL (decoy)"
"decoy_GILGFVFTL_11","GILGFVFTL (decoy)"
"decoy_GILGFVFTL_12","GILGFVFTL (decoy)"
"decoy_GILGFVFTL_13","GILGFVFTL (decoy)"
"decoy_GILGFVFTL_14","GILGFVFTL (decoy)"
"decoy_GILGFVFTL_15","GILGFVFTL (decoy)"
"decoy_GILGFVFTL_16","GILGFVFTL (decoy)"
"decoy_GILGFVFTL_17","GILGFVFTL (decoy)"
"decoy_GILGFVFTL_18","GILGFVFTL (decoy)"
"decoy_GILGFVFTL_19","GILGFVFTL (decoy)"
"decoy_GILGFVFTL_1","GILGFVFTL (decoy)"
"decoy_GILGFVFTL_20","GILGFVFTL (decoy)"
"decoy_GILGFVFTL_21","GILGFVFTL (decoy)"
"decoy_GILGFVFTL_22","GILGFVFTL (decoy)"
"decoy_GILGFVFTL_23","GILGFVFTL (decoy)"
"decoy_GILGFVFTL_24","GILGFVFTL (decoy)"
"decoy_GILGFVFTL_25","GILGFVFTL (decoy)"
"decoy_GILGFVFTL_26","GILGFVFTL (decoy)"
"decoy_GILGFVFTL_27","GILGFVFTL (decoy)"
"decoy_GILGFVFTL_28","GILGFVFTL (decoy)"
"decoy_GILGFVFTL_29","GILGFVFTL (decoy)"
"decoy_GILGFVFTL_2","GILGFVFTL (decoy)"
"decoy_GILGFVFTL_30","GILGFVFTL (decoy)"
"decoy_GILGFVFTL_31","GILGFVFTL (decoy)"
"decoy_GILGFVFTL_32","GILGFVFTL (decoy)"
"decoy_GILGFVFTL_33","GILGFVFTL (decoy)"
"decoy_GILGFVFTL_34","GILGFVFTL (decoy)"
"decoy_GILGFVFTL_35","GILGFVFTL (decoy)"
"decoy_GILGFVFTL_37","GILGFVFTL (decoy)"
"decoy_GILGFVFTL_38","GILGFVFTL (decoy)"
"decoy_GILGFVFTL_39","GILGFVFTL (decoy)"
"decoy_GILGFVFTL_3","GILGFVFTL (decoy)"
"decoy_GILGFVFTL_40","GILGFVFTL (decoy)"
"decoy_GILGFVFTL_41","GILGFVFTL (decoy)"
"decoy_GILGFVFTL_43","GILGFVFTL (decoy)"
"decoy_GILGFVFTL_44","GILGFVFTL (decoy)"
"decoy_GILGFVFTL_45","GILGFVFTL (decoy)"
"decoy_GILGFVFTL_46","GILGFVFTL (decoy)"
"decoy_GILGFVFTL_47","GILGFVFTL (decoy)"
"decoy_GILGFVFTL_48","GILGFVFTL (decoy)"
"decoy_GILGFVFTL_49","GILGFVFTL (decoy)"
"decoy_GILGFVFTL_50","GILGFVFTL (decoy)"
"decoy_GILGFVFTL_5","GILGFVFTL (decoy)"
"decoy_GILGFVFTL_6","GILGFVFTL (decoy)"
"decoy_GILGFVFTL_7","GILGFVFTL (decoy)"
"decoy_GILGFVFTL_9","GILGFVFTL (decoy)"
"decoy_GLCTLVAML_10","GLCTLVAML (decoy)"
"decoy_GLCTLVAML_11","GLCTLVAML (decoy)"
"decoy_GLCTLVAML_12","GLCTLVAML (decoy)"
"decoy_GLCTLVAML_13","GLCTLVAML (decoy)"
"decoy_GLCTLVAML_14","GLCTLVAML (decoy)"
"decoy_GLCTLVAML_15","GLCTLVAML (decoy)"
"decoy_GLCTLVAML_16","GLCTLVAML (decoy)"
"decoy_GLCTLVAML_17","GLCTLVAML (decoy)"
"decoy_GLCTLVAML_19","GLCTLVAML (decoy)"
"decoy_GLCTLVAML_1","GLCTLVAML (decoy)"
"decoy_GLCTLVAML_21","GLCTLVAML (decoy)"
"decoy_GLCTLVAML_23","GLCTLVAML (decoy)"
"decoy_GLCTLVAML_24","GLCTLVAML (decoy)"
"decoy_GLCTLVAML_26","GLCTLVAML (decoy)"
"decoy_GLCTLVAML_27","GLCTLVAML (decoy)"
"decoy_GLCTLVAML_29","GLCTLVAML (decoy)"
"decoy_GLCTLVAML_2","GLCTLVAML (decoy)"
"decoy_GLCTLVAML_30","GLCTLVAML (decoy)"
"decoy_GLCTLVAML_31","GLCTLVAML (decoy)"
"decoy_GLCTLVAML_32","GLCTLVAML (decoy)"
"decoy_GLCTLVAML_33","GLCTLVAML (decoy)"
"decoy_GLCTLVAML_34","GLCTLVAML (decoy)"
"decoy_GLCTLVAML_35","GLCTLVAML (decoy)"
"decoy_GLCTLVAML_36","GLCTLVAML (decoy)"
"decoy_GLCTLVAML_37","GLCTLVAML (decoy)"
"decoy_GLCTLVAML_38","GLCTLVAML (decoy)"
"decoy_GLCTLVAML_3","GLCTLVAML (decoy)"
"decoy_GLCTLVAML_40","GLCTLVAML (decoy)"
"decoy_GLCTLVAML_41","GLCTLVAML (decoy)"
"decoy_GLCTLVAML_42","GLCTLVAML (decoy)"
"decoy_GLCTLVAML_43","GLCTLVAML (decoy)"
"decoy_GLCTLVAML_44","GLCTLVAML (decoy)"
"decoy_GLCTLVAML_45","GLCTLVAML (decoy)"
"decoy_GLCTLVAML_46","GLCTLVAML (decoy)"
"decoy_GLCTLVAML_47","GLCTLVAML (decoy)"
"decoy_GLCTLVAML_49","GLCTLVAML (decoy)"
"decoy_GLCTLVAML_4","GLCTLVAML (decoy)"
"decoy_GLCTLVAML_50","GLCTLVAML (decoy)"
"decoy_GLCTLVAML_5","GLCTLVAML (decoy)"
"decoy_GLCTLVAML_6","GLCTLVAML (decoy)"
"decoy_GLCTLVAML_7","GLCTLVAML (decoy)"
"decoy_GLCTLVAML_9","GLCTLVAML (decoy)"
"decoy_NLVPMVATV_10","NLVPMVATV (decoy)"
"decoy_NLVPMVATV_11","NLVPMVATV (decoy)"
"decoy_NLVPMVATV_12","NLVPMVATV (decoy)"
"decoy_NLVPMVATV_13","NLVPMVATV (decoy)"
"decoy_NLVPMVATV_14","NLVPMVATV (decoy)"
"decoy_NLVPMVATV_15","NLVPMVATV (decoy)"
"decoy_NLVPMVATV_16","NLVPMVATV (decoy)"
"decoy_NLVPMVATV_17","NLVPMVATV (decoy)"
"decoy_NLVPMVATV_18","NLVPMVATV (decoy)"
"decoy_NLVPMVATV_19","NLVPMVATV (decoy)"
"decoy_NLVPMVATV_1","NLVPMVATV (decoy)"
"decoy_NLVPMVATV_20","NLVPMVATV (decoy)"
"decoy_NLVPMVATV_21","NLVPMVATV (decoy)"
"decoy_NLVPMVATV_22","NLVPMVATV (decoy)"
"decoy_NLVPMVATV_23","NLVPMVATV (decoy)"
"decoy_NLVPMVATV_24","NLVPMVATV (decoy)"
"decoy_NLVPMVATV_25","NLVPMVATV (decoy)"
"decoy_NLVPMVATV_26","NLVPMVATV (decoy)"
"decoy_NLVPMVATV_27","NLVPMVATV (decoy)"
"decoy_NLVPMVATV_28","NLVPMVATV (decoy)"
"decoy_NLVPMVATV_2","NLVPMVATV (decoy)"
"decoy_NLVPMVATV_30","NLVPMVATV (decoy)"
"decoy_NLVPMVATV_31","NLVPMVATV (decoy)"
"decoy_NLVPMVATV_32","NLVPMVATV (decoy)"
"decoy_NLVPMVATV_33","NLVPMVATV (decoy)"
"decoy_NLVPMVATV_34","NLVPMVATV (decoy)"
"decoy_NLVPMVATV_35","NLVPMVATV (decoy)"
"decoy_NLVPMVATV_36","NLVPMVATV (decoy)"
"decoy_NLVPMVATV_37","NLVPMVATV (decoy)"
"decoy_NLVPMVATV_38","NLVPMVATV (decoy)"
"decoy_NLVPMVATV_3","NLVPMVATV (decoy)"
"decoy_NLVPMVATV_40","NLVPMVATV (decoy)"
"decoy_NLVPMVATV_41","NLVPMVATV (decoy)"
"decoy_NLVPMVATV_42","NLVPMVATV (decoy)"
"decoy_NLVPMVATV_43","NLVPMVATV (decoy)"
"decoy_NLVPMVATV_44","NLVPMVATV (decoy)"
"decoy_NLVPMVATV_45","NLVPMVATV (decoy)"
"decoy_NLVPMVATV_46","NLVPMVATV (decoy)"
"decoy_NLVPMVATV_47","NLVPMVATV (decoy)"
"decoy_NLVPMVATV_48","NLVPMVATV (decoy)"
"decoy_NLVPMVATV_49","NLVPMVATV (decoy)"
"decoy_NLVPMVATV_4","NLVPMVATV (decoy)"
"decoy_NLVPMVATV_50","NLVPMVATV (decoy)"
"decoy_NLVPMVATV_5","NLVPMVATV (decoy)"
"decoy_NLVPMVATV_8","NLVPMVATV (decoy)"
"decoy_RPIIRPATL_10","RPIIRPATL (decoy)"
"decoy_RPIIRPATL_11","RPIIRPATL (decoy)"
"decoy_RPIIRPATL_12","RPIIRPATL (decoy)"
"decoy_RPIIRPATL_13","RPIIRPATL (decoy)"
"decoy_RPIIRPATL_14","RPIIRPATL (decoy)"
"decoy_RPIIRPATL_15","RPIIRPATL (decoy)"
"decoy_RPIIRPATL_16","RPIIRPATL (decoy)"
"decoy_RPIIRPATL_18","RPIIRPATL (decoy)"
"decoy_RPIIRPATL_19","RPIIRPATL (decoy)"
"decoy_RPIIRPATL_1","RPIIRPATL (decoy)"
"decoy_RPIIRPATL_21","RPIIRPATL (decoy)"
"decoy_RPIIRPATL_22","RPIIRPATL (decoy)"
"decoy_RPIIRPATL_23","RPIIRPATL (decoy)"
"decoy_RPIIRPATL_24","RPIIRPATL (decoy)"
"decoy_RPIIRPATL_25","RPIIRPATL (decoy)"
"decoy_RPIIRPATL_26","RPIIRPATL (decoy)"
"decoy_RPIIRPATL_27","RPIIRPATL (decoy)"
"decoy_RPIIRPATL_28","RPIIRPATL (decoy)"
"decoy_RPIIRPATL_29","RPIIRPATL (decoy)"
"decoy_RPIIRPATL_2","RPIIRPATL (decoy)"
"decoy_RPIIRPATL_30","RPIIRPATL (decoy)"
"decoy_RPIIRPATL_31","RPIIRPATL (decoy)"
"decoy_RPIIRPATL_32","RPIIRPATL (decoy)"
"decoy_RPIIRPATL_33","RPIIRPATL (decoy)"
"decoy_RPIIRPATL_34","RPIIRPATL (decoy)"
"decoy_RPIIRPATL_35","RPIIRPATL (decoy)"
"decoy_RPIIRPATL_36","RPIIRPATL (decoy)"
"decoy_RPIIRPATL_37","RPIIRPATL (decoy)"
"decoy_RPIIRPATL_38","RPIIRPATL (decoy)"
"decoy_RPIIRPATL_39","RPIIRPATL (decoy)"
"decoy_RPIIRPATL_3","RPIIRPATL (decoy)"
"decoy_RPIIRPATL_40","RPIIRPATL (decoy)"
"decoy_RPIIRPATL_41","RPIIRPATL (decoy)"
"decoy_RPIIRPATL_42","RPIIRPATL (decoy)"
"decoy_RPIIRPATL_43","RPIIRPATL (decoy)"
"decoy_RPIIRPATL_44","RPIIRPATL (decoy)"
"decoy_RPIIRPATL_45","RPIIRPATL (decoy)"
"decoy_RPIIRPATL_46","RPIIRPATL (decoy)"
"decoy_RPIIRPATL_47","RPIIRPATL (decoy)"
"decoy_RPIIRPATL_48","RPIIRPATL (decoy)"
"decoy_RPIIRPATL_49","RPIIRPATL (decoy)"
"decoy_RPIIRPATL_4","RPIIRPATL (decoy)"
"decoy_RPIIRPATL_6","RPIIRPATL (decoy)"
"decoy_RPIIRPATL_7","RPIIRPATL (decoy)"
"decoy_RPIIRPATL_8","RPIIRPATL (decoy)"
"decoy_RPIIRPATL_9","RPIIRPATL (decoy)"
"decoy_YLQPRTFLL_10","YLQPRTFLL (decoy)"
"decoy_YLQPRTFLL_11","YLQPRTFLL (decoy)"
"decoy_YLQPRTFLL_12","YLQPRTFLL (decoy)"
"decoy_YLQPRTFLL_13","YLQPRTFLL (decoy)"
"decoy_YLQPRTFLL_14","YLQPRTFLL (decoy)"
"decoy_YLQPRTFLL_15","YLQPRTFLL (decoy)"
"decoy_YLQPRTFLL_16","YLQPRTFLL (decoy)"
"decoy_YLQPRTFLL_17","YLQPRTFLL (decoy)"
"decoy_YLQPRTFLL_19","YLQPRTFLL (decoy)"
"decoy_YLQPRTFLL_1","YLQPRTFLL (decoy)"
"decoy_YLQPRTFLL_20","YLQPRTFLL (decoy)"
"decoy_YLQPRTFLL_21","YLQPRTFLL (decoy)"
"decoy_YLQPRTFLL_22","YLQPRTFLL (decoy)"
"decoy_YLQPRTFLL_24","YLQPRTFLL (decoy)"
"decoy_YLQPRTFLL_25","YLQPRTFLL (decoy)"
"decoy_YLQPRTFLL_26","YLQPRTFLL (decoy)"
"decoy_YLQPRTFLL_27","YLQPRTFLL (decoy)"
"decoy_YLQPRTFLL_28","YLQPRTFLL (decoy)"
"decoy_YLQPRTFLL_29","YLQPRTFLL (decoy)"
"decoy_YLQPRTFLL_2","YLQPRTFLL (decoy)"
"decoy_YLQPRTFLL_30","YLQPRTFLL (decoy)"
"decoy_YLQPRTFLL_31","YLQPRTFLL (decoy)"
"decoy_YLQPRTFLL_32","YLQPRTFLL (decoy)"
"decoy_YLQPRTFLL_33","YLQPRTFLL (decoy)"
"decoy_YLQPRTFLL_34","YLQPRTFLL (decoy)"
"decoy_YLQPRTFLL_35","YLQPRTFLL (decoy)"
"decoy_YLQPRTFLL_36","YLQPRTFLL (decoy)"
"decoy_YLQPRTFLL_38","YLQPRTFLL (decoy)"
"decoy_YLQPRTFLL_3","YLQPRTFLL (decoy)"
"decoy_YLQPRTFLL_40","YLQPRTFLL (decoy)"
"decoy_YLQPRTFLL_41","YLQPRTFLL (decoy)"
"decoy_YLQPRTFLL_42","YLQPRTFLL (decoy)"
"decoy_YLQPRTFLL_43","YLQPRTFLL (decoy)"
"decoy_YLQPRTFLL_44","YLQPRTFLL (decoy)"
"decoy_YLQPRTFLL_45","YLQPRTFLL (decoy)"
"decoy_YLQPRTFLL_46","YLQPRTFLL (decoy)"
"decoy_YLQPRTFLL_47","YLQPRTFLL (decoy)"
"decoy_YLQPRTFLL_48","YLQPRTFLL (decoy)"
"decoy_YLQPRTFLL_4","YLQPRTFLL (decoy)"
"decoy_YLQPRTFLL_50","YLQPRTFLL (decoy)"
"decoy_YLQPRTFLL_5","YLQPRTFLL (decoy)"
"decoy_YLQPRTFLL_6","YLQPRTFLL (decoy)"
"decoy_YLQPRTFLL_7","YLQPRTFLL (decoy)"
"decoy_YLQPRTFLL_8","YLQPRTFLL (decoy)"
"decoy_YLQPRTFLL_9","YLQPRTFLL (decoy)"
"iedb_GILGFVFTL_104","GILGFVFTL"
"iedb_GILGFVFTL_108","GILGFVFTL"
"iedb_GILGFVFTL_110","GILGFVFTL"
"iedb_GILGFVFTL_115","GILGFVFTL"
"iedb_GILGFVFTL_122","GILGFVFTL"
"iedb_GILGFVFTL_134","GILGFVFTL"
"iedb_GILGFVFTL_172","GILGFVFTL"
"iedb_GILGFVFTL_174","GILGFVFTL"
"iedb_GILGFVFTL_181","GILGFVFTL"
"iedb_GILGFVFTL_186","GILGFVFTL"
"iedb_GILGFVFTL_193","GILGFVFTL"
"iedb_GILGFVFTL_209","GILGFVFTL"
"iedb_GILGFVFTL_212","GILGFVFTL"
"iedb_GILGFVFTL_213","GILGFVFTL"
"iedb_GILGFVFTL_233","GILGFVFTL"
"iedb_GILGFVFTL_240","GILGFVFTL"
"iedb_GILGFVFTL_245","GILGFVFTL"
"iedb_GILGFVFTL_264","GILGFVFTL"
"iedb_GILGFVFTL_272","GILGFVFTL"
"iedb_GILGFVFTL_276","GILGFVFTL"
"iedb_GILGFVFTL_304","GILGFVFTL"
"iedb_GILGFVFTL_316","GILGFVFTL"
"iedb_GILGFVFTL_466","GILGFVFTL"
"iedb_GILGFVFTL_467","GILGFVFTL"
"iedb_GILGFVFTL_470","GILGFVFTL"
"iedb_GILGFVFTL_48","GILGFVFTL"
"iedb_GILGFVFTL_498","GILGFVFTL"
"iedb_GILGFVFTL_510","GILGFVFTL"
"iedb_GILGFVFTL_551","GILGFVFTL"
"iedb_GILGFVFTL_565","GILGFVFTL"
"iedb_GILGFVFTL_566","GILGFVFTL"
"iedb_GILGFVFTL_58","GILGFVFTL"
"iedb_GILGFVFTL_90","GILGFVFTL"
"vdj_GILGFVFTL_2981","GILGFVFTL"
"vdj_GILGFVFTL_4312","GILGFVFTL"
"vdj_GILGFVFTL_4359","GILGFVFTL"
"vdj_GILGFVFTL_4769","GILGFVFTL"
"vdj_GILGFVFTL_4813","GILGFVFTL"
"vdj_GILGFVFTL_4848","GILGFVFTL"
"vdj_GILGFVFTL_4850","GILGFVFTL"
"vdj_GILGFVFTL_4859","GILGFVFTL"
"vdj_GILGFVFTL_627","GILGFVFTL"
"iedb_GLCTLVAML_104","GLCTLVAML"
"iedb_GLCTLVAML_105","GLCTLVAML"
"iedb_GLCTLVAML_106","GLCTLVAML"
"iedb_GLCTLVAML_108","GLCTLVAML"
"iedb_GLCTLVAML_111","GLCTLVAML"
"iedb_GLCTLVAML_112","GLCTLVAML"
"iedb_GLCTLVAML_113","GLCTLVAML"
"iedb_GLCTLVAML_125","GLCTLVAML"
"iedb_GLCTLVAML_126","GLCTLVAML"
"iedb_GLCTLVAML_127","GLCTLVAML"
"iedb_GLCTLVAML_128","GLCTLVAML"
"iedb_GLCTLVAML_131","GLCTLVAML"
"iedb_GLCTLVAML_138","GLCTLVAML"
"iedb_GLCTLVAML_19","GLCTLVAML"
"iedb_GLCTLVAML_21","GLCTLVAML"
"iedb_GLCTLVAML_22","GLCTLVAML"
"iedb_GLCTLVAML_24","GLCTLVAML"
"iedb_GLCTLVAML_26","GLCTLVAML"
"iedb_GLCTLVAML_2","GLCTLVAML"
"iedb_GLCTLVAML_40","GLCTLVAML"
"iedb_GLCTLVAML_47","GLCTLVAML"
"iedb_GLCTLVAML_50","GLCTLVAML"
"iedb_GLCTLVAML_53","GLCTLVAML"
"iedb_GLCTLVAML_54","GLCTLVAML"
"iedb_GLCTLVAML_55","GLCTLVAML"
"iedb_GLCTLVAML_57","GLCTLVAML"
"iedb_GLCTLVAML_62","GLCTLVAML"
"iedb_GLCTLVAML_67","GLCTLVAML"
"iedb_GLCTLVAML_69","GLCTLVAML"
"iedb_GLCTLVAML_72","GLCTLVAML"
"iedb_GLCTLVAML_76","GLCTLVAML"
"iedb_GLCTLVAML_82","GLCTLVAML"
"iedb_GLCTLVAML_83","GLCTLVAML"
"iedb_GLCTLVAML_89","GLCTLVAML"
"iedb_GLCTLVAML_91","GLCTLVAML"
"iedb_GLCTLVAML_93","GLCTLVAML"
"iedb_GLCTLVAML_94","GLCTLVAML"
"iedb_GLCTLVAML_96","GLCTLVAML"
"iedb_GLCTLVAML_98","GLCTLVAML"
"iedb_GLCTLVAML_99","GLCTLVAML"
"vdj_GLCTLVAML_17","GLCTLVAML"
"vdj_GLCTLVAML_26","GLCTLVAML"
"vdj_GLCTLVAML_281","GLCTLVAML"
"vdj_GLCTLVAML_376","GLCTLVAML"
"vdj_GLCTLVAML_377","GLCTLVAML"
"iedb_GLCTLVAML_107","GLCTLVAML"
"iedb_GLCTLVAML_124","GLCTLVAML"
"iedb_GLCTLVAML_31","GLCTLVAML"
"iedb_NLVPMVATV_126","NLVPMVATV"
"iedb_NLVPMVATV_13","NLVPMVATV"
"iedb_NLVPMVATV_151","NLVPMVATV"
"iedb_NLVPMVATV_156","NLVPMVATV"
"iedb_NLVPMVATV_161","NLVPMVATV"
"iedb_NLVPMVATV_162","NLVPMVATV"
"iedb_NLVPMVATV_255","NLVPMVATV"
"vdj_NLVPMVATV_185","NLVPMVATV"
"vdj_NLVPMVATV_187","NLVPMVATV"
"vdj_NLVPMVATV_209","NLVPMVATV"
"vdj_NLVPMVATV_210","NLVPMVATV"
"vdj_NLVPMVATV_219","NLVPMVATV"
"vdj_NLVPMVATV_224","NLVPMVATV"
"vdj_NLVPMVATV_227","NLVPMVATV"
"vdj_NLVPMVATV_230","NLVPMVATV"
"vdj_NLVPMVATV_231","NLVPMVATV"
"vdj_NLVPMVATV_234","NLVPMVATV"
"vdj_NLVPMVATV_249","NLVPMVATV"
"vdj_NLVPMVATV_256","NLVPMVATV"
"vdj_NLVPMVATV_269","NLVPMVATV"
"vdj_NLVPMVATV_290","NLVPMVATV"
"vdj_NLVPMVATV_304","NLVPMVATV"
"vdj_NLVPMVATV_307","NLVPMVATV"
"vdj_NLVPMVATV_446","NLVPMVATV"
"vdj_NLVPMVATV_454","NLVPMVATV"
"vdj_NLVPMVATV_461","NLVPMVATV"
"vdj_NLVPMVATV_480","NLVPMVATV"
"vdj_NLVPMVATV_485","NLVPMVATV"
"vdj_NLVPMVATV_487","NLVPMVATV"
"vdj_NLVPMVATV_492","NLVPMVATV"
"vdj_NLVPMVATV_519","NLVPMVATV"
"vdj_NLVPMVATV_524","NLVPMVATV"
"vdj_NLVPMVATV_529","NLVPMVATV"
"vdj_NLVPMVATV_53","NLVPMVATV"
"vdj_NLVPMVATV_78","NLVPMVATV"
"iedb_NLVPMVATV_228","NLVPMVATV"
"vdj_NLVPMVATV_288","NLVPMVATV"
"vdj_NLVPMVATV_483","NLVPMVATV"
"iedb_NLVPMVATV_133","NLVPMVATV"
"vdj_NLVPMVATV_484","NLVPMVATV"
"vdj_RPIIRPATL_11","RPIIRPATL"
"vdj_RPIIRPATL_12","RPIIRPATL"
"vdj_RPIIRPATL_13","RPIIRPATL"
"vdj_RPIIRPATL_14","RPIIRPATL"
"vdj_RPIIRPATL_15","RPIIRPATL"
"vdj_RPIIRPATL_17","RPIIRPATL"
"vdj_RPIIRPATL_18","RPIIRPATL"
"vdj_RPIIRPATL_20","RPIIRPATL"
"vdj_RPIIRPATL_22","RPIIRPATL"
"vdj_RPIIRPATL_23","RPIIRPATL"
"vdj_RPIIRPATL_24","RPIIRPATL"
"vdj_RPIIRPATL_29","RPIIRPATL"
"vdj_RPIIRPATL_30","RPIIRPATL"
"vdj_RPIIRPATL_31","RPIIRPATL"
"vdj_RPIIRPATL_33","RPIIRPATL"
"vdj_RPIIRPATL_35","RPIIRPATL"
"vdj_RPIIRPATL_38","RPIIRPATL"
"vdj_RPIIRPATL_39","RPIIRPATL"
"vdj_RPIIRPATL_3","RPIIRPATL"
"vdj_RPIIRPATL_40","RPIIRPATL"
"vdj_RPIIRPATL_42","RPIIRPATL"
"vdj_RPIIRPATL_43","RPIIRPATL"
"vdj_RPIIRPATL_44","RPIIRPATL"
"vdj_RPIIRPATL_46","RPIIRPATL"
"vdj_RPIIRPATL_48","RPIIRPATL"
"vdj_RPIIRPATL_49","RPIIRPATL"
"vdj_RPIIRPATL_51","RPIIRPATL"
"vdj_RPIIRPATL_54","RPIIRPATL"
"vdj_RPIIRPATL_57","RPIIRPATL"
"vdj_RPIIRPATL_59","RPIIRPATL"
"vdj_RPIIRPATL_5","RPIIRPATL"
"vdj_RPIIRPATL_62","RPIIRPATL"
"vdj_RPIIRPATL_66","RPIIRPATL"
"vdj_RPIIRPATL_6","RPIIRPATL"
"vdj_RPIIRPATL_72","RPIIRPATL"
"vdj_RPIIRPATL_7","RPIIRPATL"
"vdj_RPIIRPATL_88","RPIIRPATL"
"vdj_RPIIRPATL_1","RPIIRPATL"
"vdj_RPIIRPATL_45","RPIIRPATL"
"vdj_RPIIRPATL_52","RPIIRPATL"
"vdj_RPIIRPATL_56","RPIIRPATL"
"vdj_RPIIRPATL_64","RPIIRPATL"
"vdj_RPIIRPATL_89","RPIIRPATL"
"vdj_RPIIRPATL_9","RPIIRPATL"
"vdj_RPIIRPATL_32","RPIIRPATL"
"vdj_RPIIRPATL_68","RPIIRPATL"
"vdj_RPIIRPATL_76","RPIIRPATL"
"iedb_YLQPRTFLL_108","YLQPRTFLL"
"iedb_YLQPRTFLL_184","YLQPRTFLL"
"iedb_YLQPRTFLL_206","YLQPRTFLL"
"iedb_YLQPRTFLL_322","YLQPRTFLL"
"iedb_YLQPRTFLL_414","YLQPRTFLL"
"iedb_YLQPRTFLL_415","YLQPRTFLL"
"vdj_YLQPRTFLL_10","YLQPRTFLL"
"vdj_YLQPRTFLL_130","YLQPRTFLL"
"vdj_YLQPRTFLL_132","YLQPRTFLL"
"vdj_YLQPRTFLL_133","YLQPRTFLL"
"vdj_YLQPRTFLL_135","YLQPRTFLL"
"vdj_YLQPRTFLL_136","YLQPRTFLL"
"vdj_YLQPRTFLL_137","YLQPRTFLL"
"vdj_YLQPRTFLL_138","YLQPRTFLL"
"vdj_YLQPRTFLL_141","YLQPRTFLL"
"vdj_YLQPRTFLL_143","YLQPRTFLL"
"vdj_YLQPRTFLL_145","YLQPRTFLL"
"vdj_YLQPRTFLL_147","YLQPRTFLL"
"vdj_YLQPRTFLL_149","YLQPRTFLL"
"vdj_YLQPRTFLL_150","YLQPRTFLL"
"vdj_YLQPRTFLL_152","YLQPRTFLL"
"vdj_YLQPRTFLL_156","YLQPRTFLL"
"vdj_YLQPRTFLL_157","YLQPRTFLL"
"vdj_YLQPRTFLL_158","YLQPRTFLL"
"vdj_YLQPRTFLL_161","YLQPRTFLL"
"vdj_YLQPRTFLL_174","YLQPRTFLL"
"vdj_YLQPRTFLL_176","YLQPRTFLL"
"vdj_YLQPRTFLL_27","YLQPRTFLL"
"vdj_YLQPRTFLL_41","YLQPRTFLL"
"vdj_YLQPRTFLL_42","YLQPRTFLL"
"vdj_YLQPRTFLL_44","YLQPRTFLL"
"vdj_YLQPRTFLL_46","YLQPRTFLL"
"vdj_YLQPRTFLL_49","YLQPRTFLL"
"iedb_YLQPRTFLL_183","YLQPRTFLL"
"vdj_YLQPRTFLL_139","YLQPRTFLL"
"vdj_YLQPRTFLL_146","YLQPRTFLL"
"vdj_YLQPRTFLL_148","YLQPRTFLL"
"vdj_YLQPRTFLL_154","YLQPRTFLL"
"vdj_YLQPRTFLL_155","YLQPRTFLL"
"vdj_YLQPRTFLL_159","YLQPRTFLL"
"vdj_YLQPRTFLL_172","YLQPRTFLL"
"vdj_YLQPRTFLL_175","YLQPRTFLL"
"vdj_YLQPRTFLL_18","YLQPRTFLL"
